venue_id,name,latitude,longitude,timezone,roof,canonical_venue_id,confidence,notes
18,"MCG",-37.8200,144.9834,Australia/Melbourne,none,18,high,"Melbourne Cricket Ground, East Melbourne VIC"
22,"Marvel Stadium",-37.8165,144.9475,Australia/Melbourne,retractable,22,high,"Docklands Stadium; only venue in the list with a retractable roof"
6,"Subiaco",-31.9442,115.8299,Australia/Perth,none,6,high,"Subiaco Oval, Perth WA; canonical for Domain Stadium alias"
82,"Football Park",-34.8797,138.4956,Australia/Adelaide,none,82,high,"AAMI Stadium, West Lakes SA"
15,"Gabba",-27.4858,153.0381,Australia/Brisbane,none,15,high,"Brisbane Cricket Ground, Woolloongabba QLD"
79,"Princes Park",-37.7841,144.9617,Australia/Melbourne,none,79,high,"Ikon Park, Carlton North VIC"
1,"SCG",-33.8915,151.2247,Australia/Sydney,none,1,high,"Sydney Cricket Ground, Moore Park NSW"
5,"Kardinia Park",-38.1580,144.3546,Australia/Melbourne,none,5,high,"GMHBA Stadium, Geelong VIC"
27,"Adelaide Oval",-34.9156,138.5961,Australia/Adelaide,none,27,high,"North Adelaide SA"
17,"Carrara",-28.0063,153.3670,Australia/Brisbane,none,17,high,"People First Stadium (Heritage Bank/Metricon), Carrara QLD"
65,"Waverley Park",-37.9256,145.1866,Australia/Melbourne,none,65,high,"Mulgrave VIC"
12,"Perth Stadium",-31.9512,115.8891,Australia/Perth,none,12,high,"Optus Stadium, Burswood WA"
11,"Sydney Showground",-33.8434,151.0678,Australia/Sydney,none,11,high,"Engie/Giants Stadium, Sydney Olympic Park NSW"
17600,"Casey Fields",-38.1073,145.3110,Australia/Melbourne,none,17600,high,"Cranbourne East VIC"
17599,"Mission Whitten Oval",-37.7994,144.8886,Australia/Melbourne,none,17599,high,"Whitten Oval, Footscray VIC; canonical for Western Oval alias"
70,"Victoria Park",-37.7986,144.9989,Australia/Melbourne,none,70,high,"Abbotsford VIC"
17735,"ETU Stadium",-37.8336,144.9395,Australia/Melbourne,none,17735,high,"North Port Oval, Port Melbourne VIC"
19,"UTAS Stadium",-41.4256,147.1390,Australia/Hobart,none,19,high,"York Park, Launceston TAS"
17661,"Arden Street Oval",-37.7986,144.9413,Australia/Melbourne,none,17661,high,"North Melbourne VIC"
17741,"DSV Stadium",-37.8655,144.8975,Australia/Melbourne,none,17741,high,"Williamstown Cricket Ground, Point Gellibrand, Williamstown VIC (verified via Austadiums/Wikipedia)"
71,"Windy Hill",-37.7517,144.9198,Australia/Melbourne,none,71,high,"Essendon VIC"
17746,"Box Hill City Oval",-37.8137,145.1174,Australia/Melbourne,none,17746,high,"Whitehorse Reserve, Box Hill VIC"
17707,"Wilson Storage Trevor Barker Beach Oval",-37.9455,145.0027,Australia/Melbourne,none,17707,high,"Trevor Barker Beach Oval, Sandringham VIC"
72,"Western Oval",-37.7994,144.8886,Australia/Melbourne,none,17599,high,"Former name of Whitten Oval, Footscray VIC; alias of Mission Whitten Oval (17599)"
20,"Manuka Oval",-35.3182,149.1345,Australia/Sydney,none,20,high,"Griffith ACT; ACT uses Australia/Sydney"
17691,"Kinetic Stadium",-38.1417,145.1286,Australia/Melbourne,none,17691,high,"Frankston Park, Frankston VIC"
17833,"Preston City Oval",-37.7390,145.0045,Australia/Melbourne,none,17833,high,"Cramer St, Preston VIC"
17641,"Melbourne Avalon Airport Oval",-37.9030,144.6560,Australia/Melbourne,none,17641,high,"Chirnside Park, Werribee VIC; canonical for Avalon Airport Oval alias"
17728,"Brighton Homes Arena",-27.6720,152.9060,Australia/Brisbane,none,17728,high,"Springfield Central Stadium, Springfield QLD"
78,"W.A.C.A.",-31.9598,115.8798,Australia/Perth,none,78,high,"WACA Ground, East Perth WA"
3,"Accor Stadium",-33.8474,151.0631,Australia/Sydney,none,3,high,"Stadium Australia, Sydney Olympic Park NSW"
17736,"Fankhauser Reserve",-27.9570,153.3750,Australia/Brisbane,none,17736,high,"Southport Sharks (VFL), Southport QLD (verified via Wikipedia)"
17748,"To Be Confirmed",,,,,17748,low,"Placeholder venue (55 matches); no physical ground — data-quality issue for weather backfill"
17602,"Blacktown ISP",-33.7692,150.8593,Australia/Sydney,none,17602,high,"Blacktown International Sportspark, Rooty Hill NSW; canonical for Blacktown aliases"
17651,"RSEA Park",-37.9366,145.0410,Australia/Melbourne,none,17651,high,"Moorabbin Oval, Moorabbin VIC; canonical for Moorabbin Oval alias"
17733,"Barry Plant Park",-37.7448,144.9700,Australia/Melbourne,none,17733,high,"Coburg City Oval, Coburg VIC (verified via Austadiums)"
17675,"Swinburne Centre",-37.8225,144.9866,Australia/Melbourne,none,17675,high,"Punt Road Oval, Richmond VIC"
13,"TIO Stadium",-12.3992,130.8872,Australia/Darwin,none,13,high,"Marrara Oval, Darwin NT"
17601,"Fremantle Oval",-32.0561,115.7492,Australia/Perth,none,17601,high,"Fremantle WA"
24,"Norwood Oval",-34.9202,138.6320,Australia/Adelaide,none,24,high,"Coopers Stadium, Norwood SA"
17730,"NEC Hangar",-37.7240,144.9010,Australia/Melbourne,none,17730,high,"The Hangar (Essendon FC HQ), Essendon Fields/Tullamarine VIC"
17726,"KGM Centre",-37.8243,144.9810,Australia/Melbourne,none,17726,high,"Collingwood HQ (ex AIA Centre); matches played on adjacent Olympic Park Oval; canonical for Olympic Park Oval alias"
17836,"Deakin University",-38.1980,144.2960,Australia/Melbourne,none,17836,medium,"Deakin Waurn Ponds campus oval, Geelong VIC (Geelong VFL/VFLW); exact oval within campus unconfirmed"
17705,"Henson Park",-33.9074,151.1580,Australia/Sydney,none,17705,high,"Marrickville NSW"
17744,"Tramway Oval",-33.8917,151.2219,Australia/Sydney,none,17744,high,"Moore Park NSW, west of SCG; canonical for Lakeside Oval Sydney alias"
166,"Ninja Stadium",-42.8772,147.3736,Australia/Hobart,none,166,high,"Bellerive Oval, Hobart TAS; canonical for Blundstone Arena alias"
17668,"Mineral Resources Park",-31.9670,115.9050,Australia/Perth,none,17668,high,"Lathlain Park, Lathlain WA"
100,"Moorabbin Oval",-37.9366,145.0410,Australia/Melbourne,none,17651,high,"Same ground as RSEA Park; alias of RSEA Park (17651)"
17606,"Domain Stadium",-31.9442,115.8299,Australia/Perth,none,6,high,"Sponsor name of Subiaco Oval 2015-2017; alias of Subiaco (6)"
17758,"Alberton Oval",-34.8440,138.5200,Australia/Adelaide,none,17758,high,"Port Adelaide FC, Alberton SA"
10,"Mars Stadium",-37.5382,143.8465,Australia/Melbourne,none,10,high,"Eureka Stadium, Ballarat VIC"
2,"Blundstone Arena",-42.8772,147.3736,Australia/Hobart,none,166,high,"Bellerive Oval; alias of Ninja Stadium (166)"
21,"Cazalys Stadium",-16.9360,145.7490,Australia/Brisbane,none,21,high,"Westcourt, Cairns QLD"
17628,"North Hobart Oval",-42.8690,147.3180,Australia/Hobart,none,17628,high,"North Hobart TAS; canonical for North Hobart alias"
17624,"Moreton Bay Central Sports Complex",-27.1570,152.9570,Australia/Brisbane,none,17624,medium,"Burpengary QLD; complex placement approximate"
18034,"La Trobe University",-37.7220,145.0480,Australia/Melbourne,none,18034,medium,"La Trobe University sports fields, Bundoora VIC; exact oval within campus unconfirmed"
8,"Traeger Park",-23.7081,133.8745,Australia/Darwin,none,8,high,"Alice Springs NT"
17643,"Thomas Farms Oval",-34.9460,138.6010,Australia/Adelaide,none,17643,high,"Unley Oval, Unley SA; canonical for Unley Oval alias"
14,"Barossa Park",-34.6014,138.8892,Australia/Adelaide,none,14,high,"Lyndoch Recreation Park, Lyndoch SA (Gather Round venue 2025+); canonical for Barossa Oval alias"
17603,"South Pine Sports Complex",-27.3190,152.9800,Australia/Brisbane,none,17603,medium,"Brendale QLD; complex placement approximate"
17638,"Hickey Park",-27.4075,153.0090,Australia/Brisbane,none,17638,high,"Stafford QLD, Wilston Grange FC; hosted AFLW 2019-2021 (verified via Wikipedia)"
17662,"Sullivan Logistics Stadium",-31.9366,115.8419,Australia/Perth,none,17662,high,"Leederville Oval, Leederville WA (verified via Austadiums)"
17663,"Great Barrier Reef Arena",-21.1550,149.1780,Australia/Brisbane,none,17663,high,"Harrup Park, Mackay QLD"
17718,"Kennedy Community Centre",-37.9800,145.1300,Australia/Melbourne,none,17718,high,"Hawthorn FC HQ, Dingley Village VIC; opened 2025 (verified via Wikipedia)"
17853,"Graham Rd",-27.3460,153.0240,Australia/Brisbane,none,17853,high,"Graham Road Oval, Carseldine QLD, Aspley FC (verified via Wikipedia)"
17878,"Austworld Centre Oval",-28.0050,153.3640,Australia/Brisbane,none,17878,high,"Carrara Elite Sports Field 1, adjacent to People First Stadium, Carrara QLD (verified via Austadiums)"
17932,"Wonthaggi Recreation Reserve",-38.6080,145.5930,Australia/Melbourne,none,17932,high,"Wonthaggi VIC"
18041,"Bill Lawry Oval",-37.7700,145.0030,Australia/Melbourne,none,18041,high,"Northcote VIC"
217702,"Cockburn ARC Oval",-32.1220,115.8450,Australia/Perth,none,217702,high,"Victor George Kailis Oval at Cockburn ARC (Fremantle FC HQ), Cockburn Central WA; canonical for Victor George Kailis Oval alias"
17721,"Tom Wills Oval",-33.8420,151.0700,Australia/Sydney,none,17721,high,"GWS Giants training oval, Sydney Olympic Park NSW"
69,"North Hobart",-42.8690,147.3180,Australia/Hobart,none,17628,high,"Alias of North Hobart Oval (17628)"
17608,"Olympic Park Oval",-37.8243,144.9810,Australia/Melbourne,none,17726,high,"Same ground as KGM Centre matches; alias of KGM Centre (17726)"
17755,"North Sydney Oval",-33.8380,151.2080,Australia/Sydney,none,17755,high,"North Sydney NSW"
16,"Jiangwan Stadium",31.3070,121.5170,Asia/Shanghai,none,16,high,"Shanghai, China (AFL premiership matches 2017-2019)"
87,"Wellington",-41.2730,174.7859,Pacific/Auckland,none,87,high,"Sky Stadium (Westpac Stadium), Wellington NZ (St Kilda home matches 2013-2015)"
17658,"Richmond Oval",-34.9445,138.5550,Australia/Adelaide,none,17658,high,"Richmond SA, West Adelaide FC; Adelaide Crows AFLW home ground 2020 (verified via Wikipedia)"
17727,"Holm Park Recreation Reserve",-38.0400,145.3750,Australia/Melbourne,none,17727,medium,"Beaconsfield VIC; reserve placement approximate"
17794,"C.ex Coffs International Stadium",-30.3200,153.1090,Australia/Sydney,none,17794,high,"Coffs Harbour NSW"
17876,"Highgate Recreation Reserve",-37.6070,144.9150,Australia/Melbourne,none,17876,high,"Grand Blvd, Craigieburn VIC (ex RAMS Arena; verified via Wikipedia)"
7,"Hands Oval",-33.3336,115.6519,Australia/Perth,none,7,high,"Bunbury WA"
17598,"Thebarton Oval",-34.9130,138.5660,Australia/Adelaide,none,17598,high,"Torrensville SA"
17615,"Drummoyne Oval",-33.8520,151.1540,Australia/Sydney,none,17615,high,"Drummoyne NSW"
17640,"Morwell Recreation Reserve",-38.2320,146.4020,Australia/Melbourne,none,17640,high,"Morwell VIC"
17706,"Maroochydore",-26.6440,153.0640,Australia/Brisbane,none,17706,medium,"Maroochydore Multi Sports Complex, Fishermans Rd, Maroochydore QLD (Brisbane AFLW 2022); exact oval within precinct unconfirmed"
17905,"Lakeside Oval Sydney",-33.8917,151.2219,Australia/Sydney,none,17744,high,"Alternative name for Tramway Oval, Moore Park NSW (confirmed via Wikipedia); alias of Tramway Oval (17744)"
18040,"KFC Oval - Queens Park",-38.1670,144.3320,Australia/Melbourne,none,18040,medium,"Queens Park, Highton, Geelong VIC per GameDay venue listing; single-source identification"
427845,"Dial Park",-41.1290,146.0700,Australia/Hobart,none,427845,high,"Dial Regional Sports Complex, Penguin TAS (verified via Wikipedia)"
26,"Riverway Stadium",-19.3135,146.7390,Australia/Brisbane,none,26,high,"Thuringowa, Townsville QLD"
58,"Bruce Stadium",-35.2496,149.1013,Australia/Sydney,none,58,high,"Canberra Stadium, Bruce ACT; ACT uses Australia/Sydney"
93,"Blacktown",-33.7692,150.8593,Australia/Sydney,none,17602,high,"Alias of Blacktown ISP (17602)"
17604,"Rushton Park",-32.5320,115.7250,Australia/Perth,none,17604,high,"Peel Thunder FC, Mandurah WA"
17622,"Ted Summerton Recreational Reserve",-38.1760,146.2610,Australia/Melbourne,none,17622,high,"Moe VIC"
17660,"Queen Elizabeth Oval",-36.7600,144.2790,Australia/Melbourne,none,17660,high,"Bendigo VIC"
17665,"Robertson Oval",-35.1190,147.3700,Australia/Sydney,none,17665,high,"Wagga Wagga NSW"
17695,"Magain Stadium",-35.1440,138.4990,Australia/Adelaide,none,17695,high,"Hickinbotham Oval, Noarlunga Downs SA"
17773,"Reid Oval Warrnambool",-38.3790,142.4800,Australia/Melbourne,none,17773,high,"Warrnambool VIC"
17831,"Bond University",-28.0760,153.4130,Australia/Brisbane,none,17831,high,"Bond University oval, Robina, Gold Coast QLD"
17995,"Albury Sports Ground",-36.0790,146.9200,Australia/Sydney,none,17995,high,"Albury NSW"
18094,"Central Reserve",-38.3390,143.5880,Australia/Melbourne,none,18094,medium,"Central Reserve, Colac VIC (hosted VFLW per Colac Herald); ambiguous with Central Reserve, Glen Waverley VIC"
427844,"Narrandera Sports Ground",-34.7480,146.5480,Australia/Sydney,none,427844,high,"Narrandera NSW"
9,"Barossa Oval",-34.6014,138.8892,Australia/Adelaide,none,14,medium,"No distinct 'Barossa Oval' venue found; treated as early/alternate name for Barossa Park, Lyndoch SA; 0 matches so no backfill impact"
25,"Summit Sports Park",-35.0750,138.8800,Australia/Adelaide,none,25,medium,"Summit Sport and Recreation Park, Mount Barker SA (Gather Round 2023-24); park placement approximate"
245155,"Unley Oval",-34.9460,138.6010,Australia/Adelaide,none,17643,high,"Alias of Thomas Farms Oval (17643)"
763961,"Victor George Kailis Oval",-32.1220,115.8450,Australia/Perth,none,217702,high,"Same ground as Cockburn ARC Oval (verified via Austadiums); alias of Cockburn ARC Oval (217702)"
1526404,"Blacktown International Sportspark",-33.7692,150.8593,Australia/Sydney,none,17602,high,"Alias of Blacktown ISP (17602)"
1184693,"Avalon Airport Oval",-37.9030,144.6560,Australia/Melbourne,none,17641,high,"Alias of Melbourne Avalon Airport Oval (17641), Chirnside Park, Werribee VIC"
